Country,Year,Crime_1,Value
Australia and New Zealand,2005,"Intentional homicide rates per 100,000",1.3
Australia and New Zealand,2010,"Intentional homicide rates per 100,000",1
Australia and New Zealand,2015,"Intentional homicide rates per 100,000",1
Australia and New Zealand,2020,"Intentional homicide rates per 100,000",1.2
Melanesia,2005,"Intentional homicide rates per 100,000",8
Melanesia,2010,"Intentional homicide rates per 100,000",8.3
Melanesia,2015,"Intentional homicide rates per 100,000",8.2
Melanesia,2020,"Intentional homicide rates per 100,000",8.2
Micronesia,2005,"Intentional homicide rates per 100,000",4.1
Micronesia,2010,"Intentional homicide rates per 100,000",2.9
Micronesia,2015,"Intentional homicide rates per 100,000",4.1
Micronesia,2020,"Intentional homicide rates per 100,000",3.9
Polynesia,2005,"Intentional homicide rates per 100,000",4.6
Polynesia,2010,"Intentional homicide rates per 100,000",3.8
Polynesia,2015,"Intentional homicide rates per 100,000",2.3
Polynesia,2020,"Intentional homicide rates per 100,000",3
Afghanistan,2010,"Intentional homicide rates per 100,000",3.4
Afghanistan,2015,"Intentional homicide rates per 100,000",9.8
Afghanistan,2018,"Intentional homicide rates per 100,000",6.7
Albania,2005,"Intentional homicide rates per 100,000",5
Albania,2010,"Intentional homicide rates per 100,000",4.3
Albania,2015,"Intentional homicide rates per 100,000",2.2
Albania,2019,"Intentional homicide rates per 100,000",2.3
Albania,2020,"Intentional homicide rates per 100,000",2.1
Algeria,2010,"Intentional homicide rates per 100,000",0.7
Algeria,2015,"Intentional homicide rates per 100,000",1.4
Algeria,2020,"Intentional homicide rates per 100,000",1.3
American Samoa,2005,"Intentional homicide rates per 100,000",10.1
American Samoa,2010,"Intentional homicide rates per 100,000",8.9
American Samoa,2015,"Intentional homicide rates per 100,000",7.2
American Samoa,2019,"Intentional homicide rates per 100,000",0
Andorra,2004,"Intentional homicide rates per 100,000",1.3
Andorra,2010,"Intentional homicide rates per 100,000",0
Andorra,2015,"Intentional homicide rates per 100,000",0
Andorra,2020,"Intentional homicide rates per 100,000",2.6
Angola,2012,"Intentional homicide rates per 100,000",4.8
Anguilla,2005,"Intentional homicide rates per 100,000",0
Anguilla,2010,"Intentional homicide rates per 100,000",0
Anguilla,2014,"Intentional homicide rates per 100,000",28.3
Antigua and Barbuda,2002,"Intentional homicide rates per 100,000",6.4
Antigua and Barbuda,2005,"Intentional homicide rates per 100,000",3.7
Antigua and Barbuda,2008,"Intentional homicide rates per 100,000",18.7
Antigua and Barbuda,2010,"Intentional homicide rates per 100,000",6.8
Antigua and Barbuda,2012,"Intentional homicide rates per 100,000",11.1
Antigua and Barbuda,2020,"Intentional homicide rates per 100,000",9.2
Argentina,2005,"Intentional homicide rates per 100,000",5.7
Argentina,2008,"Intentional homicide rates per 100,000",5.9
Argentina,2010,"Intentional homicide rates per 100,000",5.8
Argentina,2015,"Intentional homicide rates per 100,000",6.6
Argentina,2019,"Intentional homicide rates per 100,000",5.1
Argentina,2020,"Intentional homicide rates per 100,000",5.3
Armenia,2005,"Intentional homicide rates per 100,000",1.9
Armenia,2010,"Intentional homicide rates per 100,000",1.9
Armenia,2015,"Intentional homicide rates per 100,000",2.6
Armenia,2018,"Intentional homicide rates per 100,000",1.7
Armenia,2019,"Intentional homicide rates per 100,000",2.5
Armenia,2020,"Intentional homicide rates per 100,000",1.8
Aruba,2005,"Intentional homicide rates per 100,000",6
Aruba,2010,"Intentional homicide rates per 100,000",3.9
Aruba,2014,"Intentional homicide rates per 100,000",1.9
Australia,2005,"Intentional homicide rates per 100,000",1.3
Australia,2010,"Intentional homicide rates per 100,000",1
Australia,2015,"Intentional homicide rates per 100,000",1
Australia,2018,"Intentional homicide rates per 100,000",0.9
Australia,2020,"Intentional homicide rates per 100,000",0.9
Austria,2005,"Intentional homicide rates per 100,000",0.7
Austria,2010,"Intentional homicide rates per 100,000",0.7
Austria,2015,"Intentional homicide rates per 100,000",0.5
Austria,2019,"Intentional homicide rates per 100,000",0.9
Austria,2020,"Intentional homicide rates per 100,000",0.7
Azerbaijan,2002,"Intentional homicide rates per 100,000",2.6
Azerbaijan,2010,"Intentional homicide rates per 100,000",2.3
Azerbaijan,2014,"Intentional homicide rates per 100,000",2.5
Azerbaijan,2015,"Intentional homicide rates per 100,000",2.2
Azerbaijan,2019,"Intentional homicide rates per 100,000",1.7
Azerbaijan,2020,"Intentional homicide rates per 100,000",2.3
Bahamas,2005,"Intentional homicide rates per 100,000",16
Bahamas,2010,"Intentional homicide rates per 100,000",26.5
Bahamas,2012,"Intentional homicide rates per 100,000",30.5
Bahamas,2015,"Intentional homicide rates per 100,000",39
Bahamas,2019,"Intentional homicide rates per 100,000",24.4
Bahamas,2020,"Intentional homicide rates per 100,000",18.6
Bahrain,2002,"Intentional homicide rates per 100,000",1.1
Bahrain,2007,"Intentional homicide rates per 100,000",0.4
Bahrain,2008,"Intentional homicide rates per 100,000",0.5
Bahrain,2010,"Intentional homicide rates per 100,000",0.2
Bahrain,2015,"Intentional homicide rates per 100,000",0.6
Bahrain,2019,"Intentional homicide rates per 100,000",0.1
Bangladesh,2005,"Intentional homicide rates per 100,000",2.6
Bangladesh,2006,"Intentional homicide rates per 100,000",3
Bangladesh,2010,"Intentional homicide rates per 100,000",2.7
Bangladesh,2015,"Intentional homicide rates per 100,000",2.6
Bangladesh,2018,"Intentional homicide rates per 100,000",2.4
Barbados,2005,"Intentional homicide rates per 100,000",10.5
Barbados,2010,"Intentional homicide rates per 100,000",11
Barbados,2015,"Intentional homicide rates per 100,000",10.9
Barbados,2019,"Intentional homicide rates per 100,000",16.7
Barbados,2020,"Intentional homicide rates per 100,000",14.3
Belarus,2002,"Intentional homicide rates per 100,000",10.1
Belarus,2010,"Intentional homicide rates per 100,000",4.3
Belarus,2014,"Intentional homicide rates per 100,000",3.6
Belarus,2015,"Intentional homicide rates per 100,000",3.5
Belarus,2019,"Intentional homicide rates per 100,000",2.4
Belgium,2002,"Intentional homicide rates per 100,000",3.1
Belize,2004,"Intentional homicide rates per 100,000",28.6
Belize,2005,"Intentional homicide rates per 100,000",28.5
Belize,2009,"Intentional homicide rates per 100,000",30.8
Belize,2010,"Intentional homicide rates per 100,000",40
Belize,2014,"Intentional homicide rates per 100,000",34.8
Belize,2015,"Intentional homicide rates per 100,000",33
Belize,2018,"Intentional homicide rates per 100,000",37.3
Belize,2020,"Intentional homicide rates per 100,000",25.7
Bermuda,2004,"Intentional homicide rates per 100,000",1.5
Bermuda,2005,"Intentional homicide rates per 100,000",3
Bermuda,2010,"Intentional homicide rates per 100,000",10.7
Bermuda,2015,"Intentional homicide rates per 100,000",6.3
Bermuda,2016,"Intentional homicide rates per 100,000",12.6
Bermuda,2017,"Intentional homicide rates per 100,000",7.9
Bermuda,2019,"Intentional homicide rates per 100,000",0
Bhutan,2005,"Intentional homicide rates per 100,000",1.7
Bhutan,2010,"Intentional homicide rates per 100,000",2.3
Bhutan,2015,"Intentional homicide rates per 100,000",1.6
Bhutan,2017,"Intentional homicide rates per 100,000",1.7
Bhutan,2020,"Intentional homicide rates per 100,000",2.5
Bolivia (Plurin. State of),2015,"Intentional homicide rates per 100,000",6.2
Bolivia (Plurin. State of),2018,"Intentional homicide rates per 100,000",4.8
Bolivia (Plurin. State of),2019,"Intentional homicide rates per 100,000",7
Bosnia and Herzegovina,2002,"Intentional homicide rates per 100,000",2.4
Bosnia and Herzegovina,2004,"Intentional homicide rates per 100,000",1.8
Bosnia and Herzegovina,2008,"Intentional homicide rates per 100,000",1.8
Bosnia and Herzegovina,2010,"Intentional homicide rates per 100,000",1.5
Bosnia and Herzegovina,2014,"Intentional homicide rates per 100,000",1.4
Bosnia and Herzegovina,2015,"Intentional homicide rates per 100,000",1.7
Bosnia and Herzegovina,2019,"Intentional homicide rates per 100,000",1.3
Bosnia and Herzegovina,2020,"Intentional homicide rates per 100,000",1.3
Botswana,2005,"Intentional homicide rates per 100,000",16.2
Botswana,2010,"Intentional homicide rates per 100,000",15.2
Brazil,2005,"Intentional homicide rates per 100,000",25.6
Brazil,2010,"Intentional homicide rates per 100,000",26.7
Brazil,2013,"Intentional homicide rates per 100,000",28.3
Brazil,2015,"Intentional homicide rates per 100,000",28.5
Brazil,2019,"Intentional homicide rates per 100,000",20.9
Brazil,2020,"Intentional homicide rates per 100,000",22.5
British Virgin Islands,2004,"Intentional homicide rates per 100,000",17.9
British Virgin Islands,2006,"Intentional homicide rates per 100,000",8.3
Brunei Darussalam,2000,"Intentional homicide rates per 100,000",1.2
Brunei Darussalam,2005,"Intentional homicide rates per 100,000",0.5
Brunei Darussalam,2006,"Intentional homicide rates per 100,000",0.8
Brunei Darussalam,2010,"Intentional homicide rates per 100,000",0.3
Brunei Darussalam,2013,"Intentional homicide rates per 100,000",0.5
Bulgaria,2005,"Intentional homicide rates per 100,000",2.6
Bulgaria,2010,"Intentional homicide rates per 100,000",2
Bulgaria,2015,"Intentional homicide rates per 100,000",1.8
Bulgaria,2019,"Intentional homicide rates per 100,000",1.2
Bulgaria,2020,"Intentional homicide rates per 100,000",1
Burkina Faso,2005,"Intentional homicide rates per 100,000",0.5
Burkina Faso,2010,"Intentional homicide rates per 100,000",0.8
Burkina Faso,2015,"Intentional homicide rates per 100,000",0.6
Burkina Faso,2017,"Intentional homicide rates per 100,000",1.3
Burundi,2014,"Intentional homicide rates per 100,000",5.7
Burundi,2015,"Intentional homicide rates per 100,000",4.5
Burundi,2016,"Intentional homicide rates per 100,000",6.1
Cabo Verde,2005,"Intentional homicide rates per 100,000",9.5
Cabo Verde,2006,"Intentional homicide rates per 100,000",7.5
Cabo Verde,2015,"Intentional homicide rates per 100,000",8.8
Cabo Verde,2018,"Intentional homicide rates per 100,000",6.8
Cabo Verde,2020,"Intentional homicide rates per 100,000",6.5
Cambodia,2005,"Intentional homicide rates per 100,000",3.4
Cambodia,2010,"Intentional homicide rates per 100,000",2.3
Cambodia,2011,"Intentional homicide rates per 100,000",1.8
Cameroon,2003,"Intentional homicide rates per 100,000",6
Cameroon,2010,"Intentional homicide rates per 100,000",4.9
Cameroon,2014,"Intentional homicide rates per 100,000",0.9
Cameroon,2015,"Intentional homicide rates per 100,000",1.2
Cameroon,2016,"Intentional homicide rates per 100,000",1.2
Cameroon,2017,"Intentional homicide rates per 100,000",1.4
Canada,2005,"Intentional homicide rates per 100,000",2.1
Canada,2010,"Intentional homicide rates per 100,000",1.6
Canada,2015,"Intentional homicide rates per 100,000",1.7
Canada,2017,"Intentional homicide rates per 100,000",1.8
Canada,2020,"Intentional homicide rates per 100,000",2
Cayman Islands,2005,"Intentional homicide rates per 100,000",6.1
Cayman Islands,2010,"Intentional homicide rates per 100,000",15.9
Cayman Islands,2014,"Intentional homicide rates per 100,000",8.2
Channel Islands,2005,"Intentional homicide rates per 100,000",0.7
Channel Islands,2010,"Intentional homicide rates per 100,000",0
Chile,2005,"Intentional homicide rates per 100,000",3.6
Chile,2010,"Intentional homicide rates per 100,000",3.2
Chile,2015,"Intentional homicide rates per 100,000",3.4
Chile,2019,"Intentional homicide rates per 100,000",4
Chile,2020,"Intentional homicide rates per 100,000",4.8
China,2005,"Intentional homicide rates per 100,000",1.6
China,2010,"Intentional homicide rates per 100,000",1
China,2015,"Intentional homicide rates per 100,000",0.7
China,2018,"Intentional homicide rates per 100,000",0.5
"China, Hong Kong SAR",2005,"Intentional homicide rates per 100,000",0.5
"China, Hong Kong SAR",2010,"Intentional homicide rates per 100,000",0.5
"China, Hong Kong SAR",2013,"Intentional homicide rates per 100,000",0.9
"China, Hong Kong SAR",2015,"Intentional homicide rates per 100,000",0.3
"China, Hong Kong SAR",2019,"Intentional homicide rates per 100,000",0.3
"China, Hong Kong SAR",2020,"Intentional homicide rates per 100,000",0.3
"China, Macao SAR",2005,"Intentional homicide rates per 100,000",0.8
"China, Macao SAR",2010,"Intentional homicide rates per 100,000",0.4
"China, Macao SAR",2015,"Intentional homicide rates per 100,000",0.2
"China, Macao SAR",2018,"Intentional homicide rates per 100,000",0.3
"China, Macao SAR",2019,"Intentional homicide rates per 100,000",0.3
"China, Macao SAR",2020,"Intentional homicide rates per 100,000",0.3
Colombia,2005,"Intentional homicide rates per 100,000",42.5
Colombia,2010,"Intentional homicide rates per 100,000",34.2
Colombia,2015,"Intentional homicide rates per 100,000",26.9
Colombia,2017,"Intentional homicide rates per 100,000",25
Colombia,2020,"Intentional homicide rates per 100,000",22.6
Cook Islands,2012,"Intentional homicide rates per 100,000",3.5
Costa Rica,2005,"Intentional homicide rates per 100,000",7.8
Costa Rica,2010,"Intentional homicide rates per 100,000",11.5
Costa Rica,2013,"Intentional homicide rates per 100,000",8.7
Costa Rica,2015,"Intentional homicide rates per 100,000",11.5
Costa Rica,2019,"Intentional homicide rates per 100,000",11.2
Costa Rica,2020,"Intentional homicide rates per 100,000",11.2
Croatia,2005,"Intentional homicide rates per 100,000",1.6
Croatia,2010,"Intentional homicide rates per 100,000",1.4
Croatia,2015,"Intentional homicide rates per 100,000",0.9
Croatia,2019,"Intentional homicide rates per 100,000",0.8
Croatia,2020,"Intentional homicide rates per 100,000",1
Cuba,2005,"Intentional homicide rates per 100,000",6.1
Cuba,2010,"Intentional homicide rates per 100,000",4.5
Cuba,2015,"Intentional homicide rates per 100,000",5.5
Cuba,2016,"Intentional homicide rates per 100,000",5
Curaçao,2005,"Intentional homicide rates per 100,000",20
Curaçao,2007,"Intentional homicide rates per 100,000",19
Cyprus,2005,"Intentional homicide rates per 100,000",1.9
Cyprus,2010,"Intentional homicide rates per 100,000",0.7
Cyprus,2015,"Intentional homicide rates per 100,000",1.3
Cyprus,2019,"Intentional homicide rates per 100,000",1.3
Cyprus,2020,"Intentional homicide rates per 100,000",1.2
Czechia,2005,"Intentional homicide rates per 100,000",1.1
Czechia,2010,"Intentional homicide rates per 100,000",1
Czechia,2015,"Intentional homicide rates per 100,000",0.8
Czechia,2019,"Intentional homicide rates per 100,000",0.9
Czechia,2020,"Intentional homicide rates per 100,000",0.7
Denmark,2002,"Intentional homicide rates per 100,000",0.9
Denmark,2010,"Intentional homicide rates per 100,000",0.8
Denmark,2015,"Intentional homicide rates per 100,000",1.1
Denmark,2019,"Intentional homicide rates per 100,000",1.1
Denmark,2020,"Intentional homicide rates per 100,000",0.9
Dominica,2005,"Intentional homicide rates per 100,000",11.3
Dominica,2010,"Intentional homicide rates per 100,000",21.2
Dominica,2015,"Intentional homicide rates per 100,000",12.6
Dominica,2019,"Intentional homicide rates per 100,000",18.1
Dominica,2020,"Intentional homicide rates per 100,000",20.8
Dominican Republic,2005,"Intentional homicide rates per 100,000",26.3
Dominican Republic,2006,"Intentional homicide rates per 100,000",23.3
Dominican Republic,2010,"Intentional homicide rates per 100,000",25.5
Dominican Republic,2014,"Intentional homicide rates per 100,000",17.8
Dominican Republic,2019,"Intentional homicide rates per 100,000",9.6
Dominican Republic,2020,"Intentional homicide rates per 100,000",8.9
Ecuador,2002,"Intentional homicide rates per 100,000",14.5
Ecuador,2010,"Intentional homicide rates per 100,000",17.5
Ecuador,2015,"Intentional homicide rates per 100,000",6.5
Ecuador,2019,"Intentional homicide rates per 100,000",6.8
Ecuador,2020,"Intentional homicide rates per 100,000",7.8
Egypt,2005,"Intentional homicide rates per 100,000",0.7
Egypt,2010,"Intentional homicide rates per 100,000",2.2
Egypt,2011,"Intentional homicide rates per 100,000",3.2
Egypt,2012,"Intentional homicide rates per 100,000",2.6
El Salvador,2005,"Intentional homicide rates per 100,000",64.1
El Salvador,2010,"Intentional homicide rates per 100,000",64.5
El Salvador,2015,"Intentional homicide rates per 100,000",105.2
El Salvador,2019,"Intentional homicide rates per 100,000",37.2
Estonia,2002,"Intentional homicide rates per 100,000",10.3
Estonia,2010,"Intentional homicide rates per 100,000",5.3
Estonia,2015,"Intentional homicide rates per 100,000",3.4
Estonia,2017,"Intentional homicide rates per 100,000",2.2
Estonia,2020,"Intentional homicide rates per 100,000",3.2
Eswatini,2004,"Intentional homicide rates per 100,000",14.2
Eswatini,2005,"Intentional homicide rates per 100,000",13.5
Eswatini,2010,"Intentional homicide rates per 100,000",19.5
Eswatini,2015,"Intentional homicide rates per 100,000",10.1
Eswatini,2017,"Intentional homicide rates per 100,000",11.6
Ethiopia,2012,"Intentional homicide rates per 100,000",8.8
Fiji,2005,"Intentional homicide rates per 100,000",2.8
Fiji,2010,"Intentional homicide rates per 100,000",2.3
Fiji,2014,"Intentional homicide rates per 100,000",2.3
Fiji,2020,"Intentional homicide rates per 100,000",2.2
Finland,2005,"Intentional homicide rates per 100,000",2.3
Finland,2010,"Intentional homicide rates per 100,000",2.2
Finland,2015,"Intentional homicide rates per 100,000",1.5
Finland,2019,"Intentional homicide rates per 100,000",1.6
Finland,2020,"Intentional homicide rates per 100,000",1.6
France,2005,"Intentional homicide rates per 100,000",1.6
France,2010,"Intentional homicide rates per 100,000",1.3
France,2015,"Intentional homicide rates per 100,000",1.6
France,2016,"Intentional homicide rates per 100,000",1.4
France,2019,"Intentional homicide rates per 100,000",1.3
France,2020,"Intentional homicide rates per 100,000",1.3
French Guiana,2005,"Intentional homicide rates per 100,000",22.2
French Guiana,2009,"Intentional homicide rates per 100,000",13.2
French Polynesia,2009,"Intentional homicide rates per 100,000",0.4
Georgia,2005,"Intentional homicide rates per 100,000",9.6
Georgia,2010,"Intentional homicide rates per 100,000",4.6
Georgia,2018,"Intentional homicide rates per 100,000",2.2
Georgia,2019,"Intentional homicide rates per 100,000",1.9
Germany,2005,"Intentional homicide rates per 100,000",1.3
Germany,2010,"Intentional homicide rates per 100,000",1
Germany,2015,"Intentional homicide rates per 100,000",0.8
Germany,2019,"Intentional homicide rates per 100,000",0.7
Germany,2020,"Intentional homicide rates per 100,000",0.9
Ghana,2005,"Intentional homicide rates per 100,000",1.8
Ghana,2010,"Intentional homicide rates per 100,000",1.7
Ghana,2015,"Intentional homicide rates per 100,000",1.9
Ghana,2017,"Intentional homicide rates per 100,000",2.1
Gibraltar,2010,"Intentional homicide rates per 100,000",3
Greece,2005,"Intentional homicide rates per 100,000",1.2
Greece,2010,"Intentional homicide rates per 100,000",1.6
Greece,2015,"Intentional homicide rates per 100,000",0.9
Greece,2019,"Intentional homicide rates per 100,000",0.7
Greece,2020,"Intentional homicide rates per 100,000",0.7
Greenland,2005,"Intentional homicide rates per 100,000",17.6
Greenland,2010,"Intentional homicide rates per 100,000",19.4
Greenland,2015,"Intentional homicide rates per 100,000",7.1
Greenland,2016,"Intentional homicide rates per 100,000",5.3
Grenada,2005,"Intentional homicide rates per 100,000",10.5
Grenada,2010,"Intentional homicide rates per 100,000",9.4
Grenada,2015,"Intentional homicide rates per 100,000",5.5
Grenada,2019,"Intentional homicide rates per 100,000",14.3
Grenada,2020,"Intentional homicide rates per 100,000",12.4
Guadeloupe,2005,"Intentional homicide rates per 100,000",5.7
Guadeloupe,2009,"Intentional homicide rates per 100,000",8.9
Guadeloupe,2015,"Intentional homicide rates per 100,000",9.7
Guadeloupe,2016,"Intentional homicide rates per 100,000",5.8
Guam,2005,"Intentional homicide rates per 100,000",4.4
Guam,2010,"Intentional homicide rates per 100,000",1.9
Guam,2011,"Intentional homicide rates per 100,000",2.5
Guam,2019,"Intentional homicide rates per 100,000",4.2
Guatemala,2005,"Intentional homicide rates per 100,000",40.8
Guatemala,2010,"Intentional homicide rates per 100,000",40.7
Guatemala,2012,"Intentional homicide rates per 100,000",33.8
Guatemala,2014,"Intentional homicide rates per 100,000",33
Guatemala,2019,"Intentional homicide rates per 100,000",25
Guatemala,2020,"Intentional homicide rates per 100,000",17.5
Guinea-Bissau,2016,"Intentional homicide rates per 100,000",3.6
Guinea-Bissau,2017,"Intentional homicide rates per 100,000",1.1
Guyana,2005,"Intentional homicide rates per 100,000",19
Guyana,2010,"Intentional homicide rates per 100,000",18.7
Guyana,2015,"Intentional homicide rates per 100,000",19.4
Guyana,2019,"Intentional homicide rates per 100,000",17.4
Guyana,2020,"Intentional homicide rates per 100,000",20
Haiti,2010,"Intentional homicide rates per 100,000",6.8
Haiti,2015,"Intentional homicide rates per 100,000",10
Haiti,2018,"Intentional homicide rates per 100,000",6.7
Honduras,2005,"Intentional homicide rates per 100,000",43.1
Honduras,2010,"Intentional homicide rates per 100,000",75
Honduras,2015,"Intentional homicide rates per 100,000",56.5
Honduras,2019,"Intentional homicide rates per 100,000",42
Honduras,2020,"Intentional homicide rates per 100,000",36.3
Hungary,2005,"Intentional homicide rates per 100,000",1.6
Hungary,2010,"Intentional homicide rates per 100,000",1.4
Hungary,2014,"Intentional homicide rates per 100,000",1.5
Hungary,2015,"Intentional homicide rates per 100,000",2.3
Hungary,2019,"Intentional homicide rates per 100,000",0.7
Hungary,2020,"Intentional homicide rates per 100,000",0.8
Iceland,2005,"Intentional homicide rates per 100,000",1
Iceland,2010,"Intentional homicide rates per 100,000",0.6
Iceland,2015,"Intentional homicide rates per 100,000",0.9
Iceland,2019,"Intentional homicide rates per 100,000",0.3
Iceland,2020,"Intentional homicide rates per 100,000",1.5
India,2005,"Intentional homicide rates per 100,000",3.9
India,2010,"Intentional homicide rates per 100,000",3.8
India,2013,"Intentional homicide rates per 100,000",3.6
India,2015,"Intentional homicide rates per 100,000",3.4
India,2020,"Intentional homicide rates per 100,000",2.9
Indonesia,2004,"Intentional homicide rates per 100,000",0.6
Iran (Islamic Republic of),2009,"Intentional homicide rates per 100,000",3
Iran (Islamic Republic of),2014,"Intentional homicide rates per 100,000",2.5
Iran (Islamic Republic of),2018,"Intentional homicide rates per 100,000",2.2
Iraq,2010,"Intentional homicide rates per 100,000",9
Iraq,2013,"Intentional homicide rates per 100,000",10.1
Ireland,2005,"Intentional homicide rates per 100,000",1.3
Ireland,2010,"Intentional homicide rates per 100,000",1.2
Ireland,2015,"Intentional homicide rates per 100,000",0.7
Ireland,2019,"Intentional homicide rates per 100,000",0.7
Ireland,2020,"Intentional homicide rates per 100,000",0.7
Isle of Man,2015,"Intentional homicide rates per 100,000",1.2
Isle of Man,2016,"Intentional homicide rates per 100,000",0
Israel,2005,"Intentional homicide rates per 100,000",2.6
Israel,2010,"Intentional homicide rates per 100,000",2
Israel,2011,"Intentional homicide rates per 100,000",2
Israel,2015,"Intentional homicide rates per 100,000",1.4
Israel,2018,"Intentional homicide rates per 100,000",1.4
Israel,2019,"Intentional homicide rates per 100,000",1.5
Italy,2005,"Intentional homicide rates per 100,000",1
Italy,2010,"Intentional homicide rates per 100,000",0.9
Italy,2015,"Intentional homicide rates per 100,000",0.8
Italy,2019,"Intentional homicide rates per 100,000",0.5
Italy,2020,"Intentional homicide rates per 100,000",0.5
Jamaica,2005,"Intentional homicide rates per 100,000",61.1
Jamaica,2008,"Intentional homicide rates per 100,000",58.2
Jamaica,2010,"Intentional homicide rates per 100,000",51.5
Jamaica,2015,"Intentional homicide rates per 100,000",41.8
Jamaica,2019,"Intentional homicide rates per 100,000",45.5
Jamaica,2020,"Intentional homicide rates per 100,000",44.9
Japan,2005,"Intentional homicide rates per 100,000",0.5
Japan,2010,"Intentional homicide rates per 100,000",0.4
Japan,2015,"Intentional homicide rates per 100,000",0.3
Japan,2016,"Intentional homicide rates per 100,000",0.3
Japan,2020,"Intentional homicide rates per 100,000",0.3
Jordan,2010,"Intentional homicide rates per 100,000",1.6
Jordan,2012,"Intentional homicide rates per 100,000",2
Jordan,2015,"Intentional homicide rates per 100,000",1.6
Jordan,2017,"Intentional homicide rates per 100,000",1.4
Jordan,2020,"Intentional homicide rates per 100,000",1.2
Kazakhstan,2004,"Intentional homicide rates per 100,000",13.7
Kazakhstan,2010,"Intentional homicide rates per 100,000",8.5
Kazakhstan,2015,"Intentional homicide rates per 100,000",4.9
Kazakhstan,2017,"Intentional homicide rates per 100,000",5.1
Kazakhstan,2020,"Intentional homicide rates per 100,000",3.2
Kenya,2005,"Intentional homicide rates per 100,000",3
Kenya,2010,"Intentional homicide rates per 100,000",4.6
Kenya,2015,"Intentional homicide rates per 100,000",4.7
Kenya,2018,"Intentional homicide rates per 100,000",4.9
Kenya,2020,"Intentional homicide rates per 100,000",3.5
Kiribati,2001,"Intentional homicide rates per 100,000",4.7
Kiribati,2010,"Intentional homicide rates per 100,000",3.9
Kiribati,2012,"Intentional homicide rates per 100,000",7.5
Kuwait,2005,"Intentional homicide rates per 100,000",1.8
Kuwait,2009,"Intentional homicide rates per 100,000",1.7
Kuwait,2010,"Intentional homicide rates per 100,000",2
Kuwait,2012,"Intentional homicide rates per 100,000",1.8
Kyrgyzstan,2005,"Intentional homicide rates per 100,000",9.7
Kyrgyzstan,2009,"Intentional homicide rates per 100,000",7.9
Kyrgyzstan,2010,"Intentional homicide rates per 100,000",16.8
Kyrgyzstan,2015,"Intentional homicide rates per 100,000",5.1
Kyrgyzstan,2018,"Intentional homicide rates per 100,000",2.9
Kyrgyzstan,2020,"Intentional homicide rates per 100,000",1.7
Latvia,2002,"Intentional homicide rates per 100,000",9.2
Latvia,2015,"Intentional homicide rates per 100,000",3.4
Latvia,2018,"Intentional homicide rates per 100,000",4.4
Latvia,2020,"Intentional homicide rates per 100,000",3.7
Lebanon,2010,"Intentional homicide rates per 100,000",3.3
Lebanon,2015,"Intentional homicide rates per 100,000",3.5
Lebanon,2016,"Intentional homicide rates per 100,000",3.5
Lebanon,2020,"Intentional homicide rates per 100,000",1.9
Lesotho,2010,"Intentional homicide rates per 100,000",38.3
Lesotho,2015,"Intentional homicide rates per 100,000",43.6
Liberia,2010,"Intentional homicide rates per 100,000",3.3
Liberia,2012,"Intentional homicide rates per 100,000",3.3
Liechtenstein,2004,"Intentional homicide rates per 100,000",2.9
Liechtenstein,2010,"Intentional homicide rates per 100,000",2.8
Liechtenstein,2015,"Intentional homicide rates per 100,000",0
Liechtenstein,2019,"Intentional homicide rates per 100,000",2.6
Liechtenstein,2020,"Intentional homicide rates per 100,000",2.6
Lithuania,2005,"Intentional homicide rates per 100,000",11.1
Lithuania,2010,"Intentional homicide rates per 100,000",7
Lithuania,2015,"Intentional homicide rates per 100,000",5.9
Lithuania,2019,"Intentional homicide rates per 100,000",3.4
Lithuania,2020,"Intentional homicide rates per 100,000",3.7
Luxembourg,2004,"Intentional homicide rates per 100,000",0.4
Luxembourg,2005,"Intentional homicide rates per 100,000",0.9
Luxembourg,2010,"Intentional homicide rates per 100,000",2
Luxembourg,2014,"Intentional homicide rates per 100,000",0.7
Luxembourg,2015,"Intentional homicide rates per 100,000",0.9
Luxembourg,2017,"Intentional homicide rates per 100,000",0.3
Luxembourg,2018,"Intentional homicide rates per 100,000",0.5
Luxembourg,2020,"Intentional homicide rates per 100,000",0.2
Malawi,2005,"Intentional homicide rates per 100,000",1.6
Malawi,2010,"Intentional homicide rates per 100,000",3.6
Malawi,2012,"Intentional homicide rates per 100,000",1.8
Malaysia,2005,"Intentional homicide rates per 100,000",2.4
Malaysia,2006,"Intentional homicide rates per 100,000",2.2
Malaysia,2010,"Intentional homicide rates per 100,000",1.9
Malaysia,2013,"Intentional homicide rates per 100,000",2.1
Maldives,2002,"Intentional homicide rates per 100,000",2.7
Maldives,2010,"Intentional homicide rates per 100,000",1.6
Maldives,2013,"Intentional homicide rates per 100,000",0.7
Maldives,2015,"Intentional homicide rates per 100,000",0.9
Maldives,2017,"Intentional homicide rates per 100,000",6.8
Maldives,2019,"Intentional homicide rates per 100,000",0.6
Malta,2005,"Intentional homicide rates per 100,000",1
Malta,2010,"Intentional homicide rates per 100,000",1
Malta,2015,"Intentional homicide rates per 100,000",0.9
Malta,2019,"Intentional homicide rates per 100,000",1.1
Malta,2020,"Intentional homicide rates per 100,000",1.6
Martinique,2005,"Intentional homicide rates per 100,000",4.8
Martinique,2009,"Intentional homicide rates per 100,000",2.8
Mauritius,2000,"Intentional homicide rates per 100,000",2.2
Mauritius,2010,"Intentional homicide rates per 100,000",2.6
Mauritius,2011,"Intentional homicide rates per 100,000",2.6
Mauritius,2015,"Intentional homicide rates per 100,000",1.7
Mauritius,2020,"Intentional homicide rates per 100,000",2.8
Mayotte,2009,"Intentional homicide rates per 100,000",5.9
Mexico,2005,"Intentional homicide rates per 100,000",9.4
Mexico,2010,"Intentional homicide rates per 100,000",22.6
Mexico,2015,"Intentional homicide rates per 100,000",17
Mexico,2018,"Intentional homicide rates per 100,000",29.1
Mexico,2020,"Intentional homicide rates per 100,000",28.4
Micronesia (Fed. States of),2019,"Intentional homicide rates per 100,000",0.9
Monaco,2001,"Intentional homicide rates per 100,000",3.1
Monaco,2008,"Intentional homicide rates per 100,000",0
Mongolia,2005,"Intentional homicide rates per 100,000",15.8
Mongolia,2010,"Intentional homicide rates per 100,000",8.8
Mongolia,2015,"Intentional homicide rates per 100,000",7.1
Mongolia,2017,"Intentional homicide rates per 100,000",6.1
Mongolia,2020,"Intentional homicide rates per 100,000",6
Montenegro,2002,"Intentional homicide rates per 100,000",4.4
Montenegro,2010,"Intentional homicide rates per 100,000",2.4
Montenegro,2015,"Intentional homicide rates per 100,000",2.7
Montenegro,2019,"Intentional homicide rates per 100,000",3.7
Montenegro,2020,"Intentional homicide rates per 100,000",2.9
Montserrat,2005,"Intentional homicide rates per 100,000",20.7
Montserrat,2008,"Intentional homicide rates per 100,000",20.4
Montserrat,2012,"Intentional homicide rates per 100,000",20.3
Morocco,2005,"Intentional homicide rates per 100,000",1.5
Morocco,2009,"Intentional homicide rates per 100,000",1.4
Morocco,2010,"Intentional homicide rates per 100,000",1.4
Morocco,2015,"Intentional homicide rates per 100,000",1.2
Morocco,2018,"Intentional homicide rates per 100,000",1.4
Morocco,2020,"Intentional homicide rates per 100,000",1.2
Mozambique,2005,"Intentional homicide rates per 100,000",5.3
Mozambique,2009,"Intentional homicide rates per 100,000",3.6
Mozambique,2010,"Intentional homicide rates per 100,000",3.7
Mozambique,2011,"Intentional homicide rates per 100,000",3.5
Myanmar,2005,"Intentional homicide rates per 100,000",1.4
Myanmar,2010,"Intentional homicide rates per 100,000",1.6
Myanmar,2013,"Intentional homicide rates per 100,000",2.4
Myanmar,2015,"Intentional homicide rates per 100,000",2.2
Myanmar,2020,"Intentional homicide rates per 100,000",0
Namibia,2004,"Intentional homicide rates per 100,000",18.5
Namibia,2010,"Intentional homicide rates per 100,000",14.8
Namibia,2012,"Intentional homicide rates per 100,000",17.7
Namibia,2020,"Intentional homicide rates per 100,000",11.9
Nepal,2005,"Intentional homicide rates per 100,000",3.4
Nepal,2006,"Intentional homicide rates per 100,000",2.3
Nepal,2010,"Intentional homicide rates per 100,000",3
Nepal,2014,"Intentional homicide rates per 100,000",2.1
Netherlands,2005,"Intentional homicide rates per 100,000",1.1
Netherlands,2010,"Intentional homicide rates per 100,000",0.9
Netherlands,2015,"Intentional homicide rates per 100,000",0.6
Netherlands,2019,"Intentional homicide rates per 100,000",0.6
Netherlands,2020,"Intentional homicide rates per 100,000",0.6
New Caledonia,2009,"Intentional homicide rates per 100,000",3.2
New Zealand,2005,"Intentional homicide rates per 100,000",1.5
New Zealand,2010,"Intentional homicide rates per 100,000",1
New Zealand,2015,"Intentional homicide rates per 100,000",1
New Zealand,2019,"Intentional homicide rates per 100,000",2.6
Nicaragua,2005,"Intentional homicide rates per 100,000",13.4
Nicaragua,2010,"Intentional homicide rates per 100,000",13.5
Nicaragua,2015,"Intentional homicide rates per 100,000",8.4
Nicaragua,2019,"Intentional homicide rates per 100,000",7.9
Niger,2012,"Intentional homicide rates per 100,000",4.4
Nigeria,2019,"Intentional homicide rates per 100,000",22
North Macedonia,2004,"Intentional homicide rates per 100,000",2.4
North Macedonia,2010,"Intentional homicide rates per 100,000",2.1
North Macedonia,2014,"Intentional homicide rates per 100,000",1.7
North Macedonia,2015,"Intentional homicide rates per 100,000",1.2
North Macedonia,2017,"Intentional homicide rates per 100,000",1.5
North Macedonia,2019,"Intentional homicide rates per 100,000",1.2
Norway,2005,"Intentional homicide rates per 100,000",0.7
Norway,2010,"Intentional homicide rates per 100,000",0.6
Norway,2015,"Intentional homicide rates per 100,000",0.5
Norway,2019,"Intentional homicide rates per 100,000",0.5
Norway,2020,"Intentional homicide rates per 100,000",0.6
Oman,2005,"Intentional homicide rates per 100,000",2.1
Oman,2008,"Intentional homicide rates per 100,000",1.7
Oman,2010,"Intentional homicide rates per 100,000",1.6
Oman,2015,"Intentional homicide rates per 100,000",0.4
Oman,2017,"Intentional homicide rates per 100,000",0.4
Oman,2020,"Intentional homicide rates per 100,000",0.3
Other non-specified areas,2001,"Intentional homicide rates per 100,000",1.4
Other non-specified areas,2010,"Intentional homicide rates per 100,000",0.8
Other non-specified areas,2015,"Intentional homicide rates per 100,000",0.8
Pakistan,2005,"Intentional homicide rates per 100,000",6.1
Pakistan,2010,"Intentional homicide rates per 100,000",7.4
Pakistan,2015,"Intentional homicide rates per 100,000",4.8
Pakistan,2018,"Intentional homicide rates per 100,000",3.9
Pakistan,2020,"Intentional homicide rates per 100,000",3.8
Palau,2015,"Intentional homicide rates per 100,000",17
Palau,2018,"Intentional homicide rates per 100,000",11.2
Panama,2005,"Intentional homicide rates per 100,000",10.9
Panama,2010,"Intentional homicide rates per 100,000",12.6
Panama,2015,"Intentional homicide rates per 100,000",11.9
Panama,2017,"Intentional homicide rates per 100,000",9.2
Panama,2020,"Intentional homicide rates per 100,000",11.6
Papua New Guinea,2005,"Intentional homicide rates per 100,000",9.3
Papua New Guinea,2010,"Intentional homicide rates per 100,000",9.8
Paraguay,2005,"Intentional homicide rates per 100,000",15.2
Paraguay,2010,"Intentional homicide rates per 100,000",11.9
Paraguay,2015,"Intentional homicide rates per 100,000",9.2
Paraguay,2016,"Intentional homicide rates per 100,000",9.9
Paraguay,2017,"Intentional homicide rates per 100,000",7.9
Paraguay,2019,"Intentional homicide rates per 100,000",7.9
Paraguay,2020,"Intentional homicide rates per 100,000",6.7
Peru,2015,"Intentional homicide rates per 100,000",7.4
Peru,2018,"Intentional homicide rates per 100,000",7.7
Philippines,2002,"Intentional homicide rates per 100,000",8.1
Philippines,2010,"Intentional homicide rates per 100,000",9.2
Philippines,2012,"Intentional homicide rates per 100,000",8.7
Philippines,2017,"Intentional homicide rates per 100,000",7.9
Philippines,2018,"Intentional homicide rates per 100,000",5.3
Philippines,2019,"Intentional homicide rates per 100,000",4.4
Poland,2002,"Intentional homicide rates per 100,000",1.9
Poland,2010,"Intentional homicide rates per 100,000",1
Poland,2015,"Intentional homicide rates per 100,000",0.8
Poland,2019,"Intentional homicide rates per 100,000",0.7
Poland,2020,"Intentional homicide rates per 100,000",0.7
Portugal,2005,"Intentional homicide rates per 100,000",1.3
Portugal,2019,"Intentional homicide rates per 100,000",0.9
Portugal,2020,"Intentional homicide rates per 100,000",0.9
Puerto Rico,2005,"Intentional homicide rates per 100,000",22.7
Puerto Rico,2010,"Intentional homicide rates per 100,000",28.8
Puerto Rico,2014,"Intentional homicide rates per 100,000",20.4
Puerto Rico,2017,"Intentional homicide rates per 100,000",23
Puerto Rico,2018,"Intentional homicide rates per 100,000",21.1
Puerto Rico,2020,"Intentional homicide rates per 100,000",18.5
Qatar,2004,"Intentional homicide rates per 100,000",0.7
Qatar,2005,"Intentional homicide rates per 100,000",0.7
Qatar,2006,"Intentional homicide rates per 100,000",0.5
Qatar,2010,"Intentional homicide rates per 100,000",0.2
Qatar,2015,"Intentional homicide rates per 100,000",0.2
Qatar,2020,"Intentional homicide rates per 100,000",0.4
Republic of Korea,2005,"Intentional homicide rates per 100,000",0.8
Republic of Korea,2010,"Intentional homicide rates per 100,000",1
Republic of Korea,2015,"Intentional homicide rates per 100,000",0.7
Republic of Korea,2018,"Intentional homicide rates per 100,000",0.6
Republic of Korea,2020,"Intentional homicide rates per 100,000",0.6
Republic of Moldova,2005,"Intentional homicide rates per 100,000",7.1
Republic of Moldova,2010,"Intentional homicide rates per 100,000",6.5
Republic of Moldova,2014,"Intentional homicide rates per 100,000",4
Republic of Moldova,2015,"Intentional homicide rates per 100,000",4.6
Republic of Moldova,2019,"Intentional homicide rates per 100,000",3
Republic of Moldova,2020,"Intentional homicide rates per 100,000",2.3
Réunion,2005,"Intentional homicide rates per 100,000",3.2
Réunion,2009,"Intentional homicide rates per 100,000",1.8
Romania,2005,"Intentional homicide rates per 100,000",2
Romania,2010,"Intentional homicide rates per 100,000",1.3
Romania,2015,"Intentional homicide rates per 100,000",1.7
Romania,2019,"Intentional homicide rates per 100,000",1.3
Romania,2020,"Intentional homicide rates per 100,000",1.5
Russian Federation,2005,"Intentional homicide rates per 100,000",24.8
Russian Federation,2010,"Intentional homicide rates per 100,000",11.6
Russian Federation,2015,"Intentional homicide rates per 100,000",11.5
Russian Federation,2019,"Intentional homicide rates per 100,000",7.7
Russian Federation,2020,"Intentional homicide rates per 100,000",7.3
Rwanda,2010,"Intentional homicide rates per 100,000",2.9
Rwanda,2013,"Intentional homicide rates per 100,000",3.3
Rwanda,2015,"Intentional homicide rates per 100,000",2.6
Saint Helena,2005,"Intentional homicide rates per 100,000",0
Saint Helena,2009,"Intentional homicide rates per 100,000",0
Saint Kitts and Nevis,2005,"Intentional homicide rates per 100,000",17.1
Saint Kitts and Nevis,2010,"Intentional homicide rates per 100,000",42.8
Saint Kitts and Nevis,2011,"Intentional homicide rates per 100,000",68.8
Saint Kitts and Nevis,2012,"Intentional homicide rates per 100,000",36.1
Saint Kitts and Nevis,2019,"Intentional homicide rates per 100,000",22.7
Saint Kitts and Nevis,2020,"Intentional homicide rates per 100,000",18.8
Saint Lucia,2004,"Intentional homicide rates per 100,000",22.9
Saint Lucia,2005,"Intentional homicide rates per 100,000",25.1
Saint Lucia,2010,"Intentional homicide rates per 100,000",25.3
Saint Lucia,2015,"Intentional homicide rates per 100,000",15.6
Saint Lucia,2020,"Intentional homicide rates per 100,000",28.3
Saint Martin (French part),2015,"Intentional homicide rates per 100,000",16.7
Saint Martin (French part),2016,"Intentional homicide rates per 100,000",27.7
Saint Pierre and Miquelon,2009,"Intentional homicide rates per 100,000",15.8
Saint Vincent & Grenadines,2005,"Intentional homicide rates per 100,000",23.9
Saint Vincent & Grenadines,2010,"Intentional homicide rates per 100,000",23.1
Saint Vincent & Grenadines,2018,"Intentional homicide rates per 100,000",30.9
Saint Vincent & Grenadines,2019,"Intentional homicide rates per 100,000",17.2
Samoa,2010,"Intentional homicide rates per 100,000",8.6
Samoa,2013,"Intentional homicide rates per 100,000",3.1
Samoa,2018,"Intentional homicide rates per 100,000",6.6
San Marino,2005,"Intentional homicide rates per 100,000",0
San Marino,2010,"Intentional homicide rates per 100,000",0
San Marino,2011,"Intentional homicide rates per 100,000",0
Sao Tome and Principe,2010,"Intentional homicide rates per 100,000",3.3
Sao Tome and Principe,2011,"Intentional homicide rates per 100,000",3.3
Saudi Arabia,2005,"Intentional homicide rates per 100,000",1.2
Saudi Arabia,2007,"Intentional homicide rates per 100,000",1.1
Saudi Arabia,2019,"Intentional homicide rates per 100,000",0.8
Senegal,2015,"Intentional homicide rates per 100,000",0.3
Serbia,2005,"Intentional homicide rates per 100,000",1.6
Serbia,2010,"Intentional homicide rates per 100,000",1.4
Serbia,2015,"Intentional homicide rates per 100,000",1.2
Serbia,2019,"Intentional homicide rates per 100,000",1
Serbia,2020,"Intentional homicide rates per 100,000",1
Seychelles,2004,"Intentional homicide rates per 100,000",11.4
Seychelles,2010,"Intentional homicide rates per 100,000",9.9
Seychelles,2014,"Intentional homicide rates per 100,000",17
Seychelles,2015,"Intentional homicide rates per 100,000",7.4
Seychelles,2019,"Intentional homicide rates per 100,000",10.2
Sierra Leone,2005,"Intentional homicide rates per 100,000",1.8
Sierra Leone,2008,"Intentional homicide rates per 100,000",3
Sierra Leone,2010,"Intentional homicide rates per 100,000",2.5
Sierra Leone,2015,"Intentional homicide rates per 100,000",1.7
Singapore,2004,"Intentional homicide rates per 100,000",0.5
Singapore,2010,"Intentional homicide rates per 100,000",0.4
Singapore,2011,"Intentional homicide rates per 100,000",0.3
Singapore,2015,"Intentional homicide rates per 100,000",0.3
Singapore,2019,"Intentional homicide rates per 100,000",0.2
Singapore,2020,"Intentional homicide rates per 100,000",0.2
Slovakia,2005,"Intentional homicide rates per 100,000",1.7
Slovakia,2010,"Intentional homicide rates per 100,000",1.5
Slovakia,2015,"Intentional homicide rates per 100,000",0.8
Slovakia,2019,"Intentional homicide rates per 100,000",1.4
Slovakia,2020,"Intentional homicide rates per 100,000",1.2
Slovenia,2005,"Intentional homicide rates per 100,000",1
Slovenia,2010,"Intentional homicide rates per 100,000",0.7
Slovenia,2015,"Intentional homicide rates per 100,000",1
Slovenia,2019,"Intentional homicide rates per 100,000",0.5
Slovenia,2020,"Intentional homicide rates per 100,000",0.5
Solomon Islands,2005,"Intentional homicide rates per 100,000",5.5
Solomon Islands,2008,"Intentional homicide rates per 100,000",3.8
South Africa,2005,"Intentional homicide rates per 100,000",38.7
South Africa,2010,"Intentional homicide rates per 100,000",31
South Africa,2011,"Intentional homicide rates per 100,000",29.9
South Africa,2015,"Intentional homicide rates per 100,000",33.7
South Africa,2017,"Intentional homicide rates per 100,000",35.7
South Africa,2018,"Intentional homicide rates per 100,000",36.4
South Africa,2020,"Intentional homicide rates per 100,000",33.5
South Sudan,2012,"Intentional homicide rates per 100,000",14.9
Spain,2005,"Intentional homicide rates per 100,000",1.2
Spain,2010,"Intentional homicide rates per 100,000",0.9
Spain,2015,"Intentional homicide rates per 100,000",0.6
Spain,2019,"Intentional homicide rates per 100,000",0.7
Spain,2020,"Intentional homicide rates per 100,000",0.6
Sri Lanka,2005,"Intentional homicide rates per 100,000",6.2
Sri Lanka,2010,"Intentional homicide rates per 100,000",3.8
Sri Lanka,2015,"Intentional homicide rates per 100,000",2.3
Sri Lanka,2018,"Intentional homicide rates per 100,000",2.4
Sri Lanka,2019,"Intentional homicide rates per 100,000",3.5
State of Palestine,2005,"Intentional homicide rates per 100,000",2.3
State of Palestine,2010,"Intentional homicide rates per 100,000",0.8
State of Palestine,2012,"Intentional homicide rates per 100,000",0.6
State of Palestine,2013,"Intentional homicide rates per 100,000",0.6
State of Palestine,2015,"Intentional homicide rates per 100,000",1.2
State of Palestine,2018,"Intentional homicide rates per 100,000",0.5
State of Palestine,2020,"Intentional homicide rates per 100,000",0.9
Suriname,2004,"Intentional homicide rates per 100,000",9.3
Suriname,2005,"Intentional homicide rates per 100,000",13.8
Suriname,2008,"Intentional homicide rates per 100,000",8.3
Suriname,2015,"Intentional homicide rates per 100,000",6.1
Suriname,2020,"Intentional homicide rates per 100,000",9.4
Sweden,2005,"Intentional homicide rates per 100,000",0.9
Sweden,2010,"Intentional homicide rates per 100,000",1
Sweden,2015,"Intentional homicide rates per 100,000",1.1
Sweden,2019,"Intentional homicide rates per 100,000",1.1
Sweden,2020,"Intentional homicide rates per 100,000",1.2
Switzerland,2002,"Intentional homicide rates per 100,000",1.2
Switzerland,2010,"Intentional homicide rates per 100,000",0.7
Switzerland,2015,"Intentional homicide rates per 100,000",0.7
Switzerland,2019,"Intentional homicide rates per 100,000",0.5
Switzerland,2020,"Intentional homicide rates per 100,000",0.5
Syrian Arab Republic,2004,"Intentional homicide rates per 100,000",2.4
Syrian Arab Republic,2005,"Intentional homicide rates per 100,000",2.3
Syrian Arab Republic,2008,"Intentional homicide rates per 100,000",2.6
Syrian Arab Republic,2010,"Intentional homicide rates per 100,000",2.2
Tajikistan,2005,"Intentional homicide rates per 100,000",2.3
Tajikistan,2010,"Intentional homicide rates per 100,000",2.4
Tajikistan,2011,"Intentional homicide rates per 100,000",1.6
Tajikistan,2020,"Intentional homicide rates per 100,000",0.9
Thailand,2005,"Intentional homicide rates per 100,000",7.3
Thailand,2010,"Intentional homicide rates per 100,000",5.4
Thailand,2011,"Intentional homicide rates per 100,000",4.9
Timor-Leste,2005,"Intentional homicide rates per 100,000",4.6
Timor-Leste,2010,"Intentional homicide rates per 100,000",3.6
Timor-Leste,2015,"Intentional homicide rates per 100,000",4.1
Tonga,2005,"Intentional homicide rates per 100,000",4
Tonga,2010,"Intentional homicide rates per 100,000",1
Tonga,2012,"Intentional homicide rates per 100,000",1
Tonga,2019,"Intentional homicide rates per 100,000",2.9
Trinidad and Tobago,2005,"Intentional homicide rates per 100,000",29.8
Trinidad and Tobago,2010,"Intentional homicide rates per 100,000",35.6
Trinidad and Tobago,2015,"Intentional homicide rates per 100,000",30.6
Trinidad and Tobago,2019,"Intentional homicide rates per 100,000",38.6
Tunisia,2005,"Intentional homicide rates per 100,000",2.6
Tunisia,2010,"Intentional homicide rates per 100,000",2.7
Tunisia,2012,"Intentional homicide rates per 100,000",3.1
Tunisia,2020,"Intentional homicide rates per 100,000",4.8
Türkiye,2005,"Intentional homicide rates per 100,000",4.9
Türkiye,2010,"Intentional homicide rates per 100,000",4.2
Türkiye,2015,"Intentional homicide rates per 100,000",2.8
Türkiye,2019,"Intentional homicide rates per 100,000",2.4
Türkiye,2020,"Intentional homicide rates per 100,000",2.5
Turkmenistan,2004,"Intentional homicide rates per 100,000",4.4
Turkmenistan,2005,"Intentional homicide rates per 100,000",4.3
Turkmenistan,2006,"Intentional homicide rates per 100,000",4.2
Turks and Caicos Islands,2005,"Intentional homicide rates per 100,000",0
Turks and Caicos Islands,2009,"Intentional homicide rates per 100,000",6.3
Turks and Caicos Islands,2014,"Intentional homicide rates per 100,000",5.7
Tuvalu,2005,"Intentional homicide rates per 100,000",0
Tuvalu,2010,"Intentional homicide rates per 100,000",9.5
Tuvalu,2012,"Intentional homicide rates per 100,000",18.6
Tuvalu,2019,"Intentional homicide rates per 100,000",0
Uganda,2010,"Intentional homicide rates per 100,000",9.7
Uganda,2014,"Intentional homicide rates per 100,000",12.1
Uganda,2016,"Intentional homicide rates per 100,000",11.3
Uganda,2017,"Intentional homicide rates per 100,000",11.5
Uganda,2020,"Intentional homicide rates per 100,000",9.8
Ukraine,2005,"Intentional homicide rates per 100,000",6.5
Ukraine,2010,"Intentional homicide rates per 100,000",4.3
Ukraine,2014,"Intentional homicide rates per 100,000",6.3
Ukraine,2017,"Intentional homicide rates per 100,000",6.2
United Arab Emirates,2010,"Intentional homicide rates per 100,000",0.8
United Arab Emirates,2015,"Intentional homicide rates per 100,000",0.6
United Arab Emirates,2019,"Intentional homicide rates per 100,000",0.7
United Kingdom,2005,"Intentional homicide rates per 100,000",1.4
United Kingdom,2010,"Intentional homicide rates per 100,000",1.2
United Kingdom,2015,"Intentional homicide rates per 100,000",1
United Kingdom,2018,"Intentional homicide rates per 100,000",1.1
United Rep. of Tanzania,2004,"Intentional homicide rates per 100,000",7.8
United Rep. of Tanzania,2010,"Intentional homicide rates per 100,000",8.8
United Rep. of Tanzania,2015,"Intentional homicide rates per 100,000",7.3
United Rep. of Tanzania,2016,"Intentional homicide rates per 100,000",6.5
United States of America,2002,"Intentional homicide rates per 100,000",5.6
United States of America,2010,"Intentional homicide rates per 100,000",4.8
United States of America,2015,"Intentional homicide rates per 100,000",4.9
United States of America,2019,"Intentional homicide rates per 100,000",5.1
United States of America,2020,"Intentional homicide rates per 100,000",6.5
United States Virgin Islands,2005,"Intentional homicide rates per 100,000",34.3
United States Virgin Islands,2010,"Intentional homicide rates per 100,000",52.8
United States Virgin Islands,2012,"Intentional homicide rates per 100,000",49.3
Uruguay,2003,"Intentional homicide rates per 100,000",5.9
Uruguay,2004,"Intentional homicide rates per 100,000",6
Uruguay,2005,"Intentional homicide rates per 100,000",5.7
Uruguay,2010,"Intentional homicide rates per 100,000",6.1
Uruguay,2015,"Intentional homicide rates per 100,000",8.6
Uruguay,2019,"Intentional homicide rates per 100,000",11.4
Uruguay,2020,"Intentional homicide rates per 100,000",9.7
Uzbekistan,2005,"Intentional homicide rates per 100,000",3.4
Uzbekistan,2008,"Intentional homicide rates per 100,000",3
Uzbekistan,2015,"Intentional homicide rates per 100,000",1.6
Uzbekistan,2019,"Intentional homicide rates per 100,000",1.2
Vanuatu,2020,"Intentional homicide rates per 100,000",0.3
Venezuela (Boliv. Rep. of),2005,"Intentional homicide rates per 100,000",37.7
Venezuela (Boliv. Rep. of),2010,"Intentional homicide rates per 100,000",46
Venezuela (Boliv. Rep. of),2015,"Intentional homicide rates per 100,000",52
Venezuela (Boliv. Rep. of),2017,"Intentional homicide rates per 100,000",49.9
Viet Nam,2005,"Intentional homicide rates per 100,000",1.3
Viet Nam,2010,"Intentional homicide rates per 100,000",1.5
Viet Nam,2011,"Intentional homicide rates per 100,000",1.5
Yemen,2004,"Intentional homicide rates per 100,000",3.3
Yemen,2009,"Intentional homicide rates per 100,000",4.4
Yemen,2010,"Intentional homicide rates per 100,000",4.7
Yemen,2013,"Intentional homicide rates per 100,000",6.8
Zambia,2000,"Intentional homicide rates per 100,000",7.7
Zambia,2010,"Intentional homicide rates per 100,000",6
Zambia,2015,"Intentional homicide rates per 100,000",5.4
Zimbabwe,2005,"Intentional homicide rates per 100,000",11.2
Zimbabwe,2010,"Intentional homicide rates per 100,000",5.6
Zimbabwe,2012,"Intentional homicide rates per 100,000",7.5
